episode,length,total_reward,avg_q,exploration
0,200,-200.0,-0.5595448,1.0
1,200,-200.0,-0.88989794,0.9950248756218907
2,200,-200.0,-0.89765376,0.990074503106359
3,200,-200.0,-0.89979136,0.98514875930981
4,200,-200.0,-0.90389764,0.9802475217013037
5,200,-200.0,-1.8772587,0.9753706683595063
6,200,-200.0,-1.8528446,0.970518077969658
7,200,-200.0,-1.8607166,0.9656896298205554
8,200,-200.0,-1.8630518,0.9608852038015477
9,200,-200.0,-1.8570032,0.9561046803995501
10,200,-200.0,-2.7640514,0.9513479406960699
11,200,-200.0,-2.8089619,0.9466148663642487
12,200,-200.0,-2.8083625,0.9419053396659193
13,200,-200.0,-2.8121247,0.937219243448676
14,200,-200.0,-2.799401,0.9325564611429613
15,200,-200.0,-3.7358882,0.9279168767591656
16,200,-200.0,-3.7407532,0.9233003748847419
17,200,-200.0,-3.7419288,0.9187068406813353
18,200,-200.0,-3.7456334,0.9141361598819259
19,200,-200.0,-3.7323508,0.909588218787986
20,200,-200.0,-4.6814265,0.9050629042666528
21,200,-200.0,-4.650359,0.9005601037479133
22,200,-200.0,-4.683879,0.8960797052218044
23,200,-200.0,-4.664414,0.8916215972356263
24,200,-200.0,-4.6749563,0.8871856688911706
25,200,-200.0,-5.604993,0.8827718098419609
26,200,-200.0,-5.6124825,0.8783799102905084
27,200,-200.0,-5.607112,0.8740098609855806
28,200,-200.0,-5.5973425,0.8696615532194834
29,200,-200.0,-5.615709,0.8653348788253566
30,200,-200.0,-6.532088,0.8610297301744844
31,200,-200.0,-6.5268106,0.8567460001736164
32,200,-200.0,-6.545102,0.8524835822623049
33,200,-200.0,-6.543447,0.8482423704102537
34,200,-200.0,-6.534442,0.8440222591146804
35,200,-200.0,-7.423706,0.839823143397692
36,200,-200.0,-7.43909,0.8356449188036738
37,200,-200.0,-7.437491,0.8314874813966904
38,200,-200.0,-7.451931,0.827350727757901
39,200,-200.0,-7.456774,0.8232345549829861
40,200,-200.0,-8.315193,0.8191388606795883
41,200,-200.0,-8.363052,0.8150635429647646
42,200,-200.0,-8.36279,0.8110085004624524
43,200,-200.0,-8.366419,0.8069736323009478
44,200,-200.0,-8.362006,0.8029588381103959
45,200,-200.0,-9.21847,0.7989640180202945
46,200,-200.0,-9.248308,0.7949890726570096
47,200,-200.0,-9.267754,0.7910339031413032
48,200,-200.0,-9.272024,0.7870984110858739
49,200,-200.0,-9.267717,0.7831824985929094
50,200,-200.0,-10.159241,0.7792860682516513
51,200,-200.0,-10.152479,0.7754090231359715
52,200,-200.0,-10.148476,0.7715512668019617
53,200,-200.0,-10.143888,0.7677127032855341
54,200,-200.0,-10.167451,0.763893237100034
55,200,-200.0,-11.028742,0.7600927732338647
56,200,-200.0,-11.03993,0.7563112171481242
57,200,-200.0,-11.04434,0.752548474774253
58,200,-200.0,-11.05086,0.7488044525116946
59,200,-200.0,-11.061262,0.7450790572255668
60,200,-200.0,-11.932338,0.7413721962443451
61,200,-200.0,-11.9126835,0.7376837773575574
62,200,-200.0,-11.927645,0.73401370881349
63,200,-200.0,-11.919686,0.7303618993169055
64,200,-200.0,-11.94676,0.7267282580267718
65,200,-200.0,-12.82829,0.7231126945540018
66,200,-200.0,-12.784235,0.719515118959206
67,200,-200.0,-12.820242,0.7159354417504538
68,200,-200.0,-12.797807,0.7123735738810486
69,200,-200.0,-12.793226,0.7088294267473121
70,200,-200.0,-13.636847,0.7053029121863803
71,200,-200.0,-13.645348,0.7017939424740103
72,200,-200.0,-13.641701,0.6983024303223984
73,200,-200.0,-13.629171,0.6948282888780084
74,200,-200.0,-13.645589,0.6913714317194114
75,200,-200.0,-14.483408,0.6879317728551358
76,200,-200.0,-14.469516,0.6845092267215283
77,200,-200.0,-14.488225,0.6811037081806252
78,200,-200.0,-14.496358,0.6777151325180351
79,200,-200.0,-14.469236,0.674343415440831
80,200,-200.0,-15.264819,0.6709884730754538
81,200,-200.0,-15.294897,0.6676502219656257
82,200,-200.0,-15.295919,0.6643285790702744
83,200,-200.0,-15.292883,0.6610234617614672
84,200,-200.0,-15.296384,0.6577347878223555
85,200,-200.0,-16.077337,0.6544624754451299
86,200,-200.0,-16.1105,0.651206443228985
87,200,-200.0,-16.118923,0.6479666101780946
88,200,-200.0,-16.12233,0.6447428956995968
89,200,-200.0,-16.129932,0.6415352196015889
90,200,-200.0,-16.903095,0.6383435020911333
91,200,-200.0,-16.920301,0.6351676637722721
92,200,-200.0,-16.958364,0.6320076256440519
93,200,-200.0,-16.940977,0.6288633090985591
94,200,-200.0,-16.933315,0.6257346359189644
95,200,-200.0,-17.701496,0.6226215282775766
96,200,-200.0,-17.719616,0.6195239087339071
97,200,-200.0,-17.735159,0.6164417002327434
98,200,-200.0,-17.735975,0.6133748261022323
99,200,-200.0,-17.730541,0.6103232100519724
100,200,-200.0,-18.518915,0.6072867761711169
101,200,-200.0,-18.505508,0.6042654489264846
102,200,-200.0,-18.53523,0.6012591531606812
103,200,-200.0,-18.498436,0.5982678140902301
104,200,-200.0,-18.516998,0.5952913573037116
105,200,-200.0,-19.294836,0.5923297087599121
106,200,-200.0,-19.285381,0.5893827947859822
107,200,-200.0,-19.273014,0.5864505420756042
108,200,-200.0,-19.293966,0.5835328776871684
109,200,-200.0,-19.297215,0.5806297290419588
110,200,-200.0,-20.08425,0.577741023922347
111,200,-200.0,-20.074657,0.5748666904699972
112,200,-200.0,-20.060078,0.5720066571840768
113,200,-200.0,-20.088816,0.5691608529194795
114,200,-200.0,-20.054632,0.5663292068850543
115,200,-200.0,-20.843868,0.5635116486418451
116,200,-200.0,-20.789362,0.5607081081013385
117,200,-200.0,-20.827705,0.55791851552372
118,200,-200.0,-20.819427,0.5551428015161394
119,200,-200.0,-20.807285,0.5523808970309845
120,200,-200.0,-21.563576,0.5496327333641637
121,200,-200.0,-21.557884,0.5468982421533968
122,200,-200.0,-21.572386,0.5441773553765142
123,200,-200.0,-21.558784,0.5414700053497654
124,200,-200.0,-21.551199,0.5387761247261348
125,200,-200.0,-22.295034,0.5360956464936665
126,200,-200.0,-22.287184,0.5334285039737976
127,200,-200.0,-22.293663,0.5307746308196991
128,200,-200.0,-22.292852,0.5281339610146261
129,200,-200.0,-22.307468,0.5255064288702748
130,200,-200.0,-23.059635,0.5228919690251491
131,200,-200.0,-23.051245,0.5202905164429344
132,200,-200.0,-23.046139,0.5177020064108802
133,200,-200.0,-23.036312,0.5151263745381892
134,200,-200.0,-23.046051,0.5125635567544172
135,200,-200.0,-23.793379,0.5100134893078779
136,200,-200.0,-23.781736,0.5074761087640577
137,200,-200.0,-23.767664,0.5049513520040375
138,200,-200.0,-23.76662,0.5024391562229229
139,200,-200.0,-23.762169,0.49993945892828157
140,200,-200.0,-24.455667,0.4974521979385887
141,200,-200.0,-24.48047,0.49497731138168033
142,200,-200.0,-24.468119,0.4925147376932143
143,200,-200.0,-24.481174,0.49006441561513864
144,200,-200.0,-24.471094,0.48762628419416787
145,200,-200.0,-25.169779,0.4852002827802666
146,200,-200.0,-25.18784,0.48278635102514095
147,200,-200.0,-25.177938,0.4803844288807373
148,200,-200.0,-25.179585,0.4779944565977486
149,200,-200.0,-25.185028,0.475616374724128
150,200,-200.0,-25.875946,0.47325012410361
151,200,-200.0,-25.88995,0.4708956458742389
152,200,-200.0,-25.904102,0.4685528814669044
153,200,-200.0,-25.88628,0.46622177260388503
154,200,-200.0,-25.882578,0.4639022612973981
155,200,-200.0,-26.54394,0.46159428984815737
156,200,-200.0,-26.576908,0.45929780084393773
157,200,-200.0,-26.567677,0.45701273715814705
158,200,-200.0,-26.575573,0.4547390419484051
159,200,-200.0,-26.572765,0.4524766586551295
160,200,-200.0,-27.236164,0.4502255310001289
161,200,-200.0,-27.27035,0.44798560298520296
162,200,-200.0,-27.255392,0.44575681889074925
163,200,-200.0,-27.258112,0.4435391232743774
164,200,-200.0,-27.265478,0.44133246096952977
165,200,-200.0,-27.936687,0.43913677708410925
166,200,-200.0,-27.944342,0.43695201699911373
167,200,-200.0,-27.954489,0.4347781263672774
168,200,-200.0,-27.944147,0.4326150511117189
169,200,-200.0,-27.943218,0.43046273742459595
170,200,-200.0,-28.593243,0.42832113176576714
171,200,-200.0,-28.619232,0.4261901808614599
172,200,-200.0,-28.620472,0.4240698317029452
173,200,-200.0,-28.60907,0.42196003154521916
174,200,-200.0,-28.59621,0.41986072790569073
175,200,-200.0,-29.276302,0.4177718685628764
176,200,-200.0,-29.250996,0.4156934015551009
177,200,-200.0,-29.275122,0.41362527517920494
178,200,-200.0,-29.263432,0.4115674379892587
179,200,-200.0,-29.262344,0.40951983879528236
180,200,-200.0,-29.929886,0.40748242666197254
181,200,-200.0,-29.91537,0.4054551509074354
182,200,-200.0,-29.944422,0.4034379611019258
183,200,-200.0,-29.919907,0.4014308070665929
184,200,-200.0,-29.932795,0.39943363887223177
185,200,-200.0,-30.614704,0.3974464068380416
186,200,-200.0,-30.594982,0.3954690615303897
187,200,-200.0,-30.590881,0.3935015537615818
188,200,-200.0,-30.609158,0.3915438345886387
189,200,-200.0,-30.586502,0.3895958553120783
190,200,-200.0,-31.279339,0.3876575674747048
191,200,-200.0,-31.23498,0.38572892286040283
192,200,-200.0,-31.23523,0.38380987349293816
193,200,-200.0,-31.229004,0.38190037163476437
194,200,-200.0,-31.23374,0.38000036978583523
195,200,-200.0,-31.916784,0.37810982068242316
196,200,-200.0,-31.879257,0.3762286772959435
197,200,-200.0,-31.878937,0.37435689283178464
198,200,-200.0,-31.899578,0.372494420728144
199,200,-200.0,-31.86961,0.37064121465486966
200,200,-200.0,-32.521477,0.3687972285123082
201,200,-200.0,-32.52211,0.3669624164301574
202,200,-200.0,-32.511955,0.36513673276632586
203,200,-200.0,-32.508873,0.3633201321057969
204,200,-200.0,-32.526062,0.36151256925949943
205,200,-200.0,-33.224323,0.35971399926318354
206,200,-200.0,-33.163876,0.35792437737630206
207,200,-200.0,-33.178185,0.3561436590808976
208,200,-200.0,-33.17409,0.3543718000804952
209,200,-200.0,-33.157402,0.35260875629900024
210,200,-200.0,-33.828026,0.3508544838796023
211,200,-200.0,-33.797527,0.3491089391836839
212,200,-200.0,-33.780914,0.34737207878973525
213,200,-200.0,-33.807785,0.34564385949227394
214,200,-200.0,-33.793533,0.3439242383007701
215,200,-200.0,-34.422035,0.3422131724385773
216,200,-200.0,-34.415802,0.340510619341868
217,200,-200.0,-34.399055,0.33881653665857514
218,200,-200.0,-34.423576,0.3371308822473385
219,200,-200.0,-34.418896,0.33545361417645625
220,200,-200.0,-35.0382,0.33378469072284206
221,200,-200.0,-35.051018,0.3321240703709872
222,200,-200.0,-35.033367,0.3304717118119276
223,200,-200.0,-35.03527,0.3288275739422165
224,200,-200.0,-35.041924,0.327191615862902
225,200,-200.0,-35.67216,0.3255637968785095
226,200,-200.0,-35.66493,0.3239440764960294
227,200,-200.0,-35.660915,0.3223324144239099
228,200,-200.0,-35.654583,0.3207287705710547
229,200,-200.0,-35.65769,0.3191331050458256
230,200,-200.0,-36.24833,0.31754537815505035
231,200,-200.0,-36.280613,0.3159655504030352
232,200,-200.0,-36.28394,0.3143935824905823
233,200,-200.0,-36.27556,0.31282943531401225
234,200,-200.0,-36.267128,0.31127306996419135
235,200,-200.0,-36.86121,0.30972444772556357
236,200,-200.0,-36.887516,0.3081835300751877
237,200,-200.0,-36.874702,0.3066502786817788
238,200,-200.0,-36.86651,0.30512465540475503
239,173,-173.0,-36.892235,0.3036066222932886
240,200,-200.0,-37.439095,0.30209614158536185
241,200,-200.0,-37.48175,0.30059317570682775
242,200,-200.0,-37.458553,0.2990976872704754
243,200,-200.0,-37.480286,0.29760963907509996
244,200,-200.0,-37.46272,0.2961289941045771
245,200,-200.0,-38.03064,0.2946557155269424
246,200,-200.0,-38.035107,0.2931897666934751
247,200,-200.0,-38.06006,0.29173111113778616
248,200,-200.0,-38.058643,0.29027971257491164
249,200,-200.0,-38.051487,0.28883553490040964
250,200,-200.0,-38.636513,0.28739854218946237
251,200,-200.0,-38.660267,0.2859686986959825
252,200,-200.0,-38.649483,0.28454596885172395
253,200,-200.0,-38.60595,0.283130317265397
254,200,-200.0,-38.652805,0.2817217087217881
255,200,-200.0,-39.19991,0.2803201081808837
256,200,-200.0,-39.212482,0.27892548077699875
257,200,-200.0,-39.20199,0.2775377918179092
258,200,-200.0,-39.239624,0.2761570067839893
259,200,-200.0,-39.239338,0.27478309132735257
260,200,-200.0,-39.817955,0.2734160112709976
261,200,-200.0,-39.790436,0.27205573260795785
262,200,-200.0,-39.773212,0.2707022215004556
263,200,-200.0,-39.802338,0.26935544427906033
264,200,-200.0,-39.793163,0.2680153674418511
265,200,-200.0,-40.415546,0.2666819576535832
266,200,-200.0,-40.392334,0.26535518174485895
267,200,-200.0,-40.37745,0.2640350067113025
268,200,-200.0,-40.37476,0.26272139971273883
269,200,-200.0,-40.36211,0.26141432807237697
270,200,-200.0,-40.941093,0.260113759275997
271,200,-200.0,-40.93187,0.25881966097114134
272,200,-200.0,-40.945858,0.2575320009663098
273,200,-200.0,-40.91657,0.256250747230159
274,200,-200.0,-40.93859,0.2549758678907055
275,200,-200.0,-41.490463,0.2537073312345328
276,200,-200.0,-41.522217,0.2524451057060028
277,200,-200.0,-41.49224,0.2511891599064705
278,200,-200.0,-41.490646,0.24993946259350303
279,200,-200.0,-41.483406,0.24869598268010254
280,200,-200.0,-42.091076,0.2474586892339329
281,200,-200.0,-42.02572,0.24622755147655018
282,200,-200.0,-42.007427,0.24500253878263703
283,200,-200.0,-42.02356,0.24378362067924086
284,200,-200.0,-42.02881,0.2425707668450158
285,200,-200.0,-42.531044,0.24136394710946849
286,200,-200.0,-42.540062,0.24016313145220747
287,200,-200.0,-42.52197,0.23896829000219652
288,200,-200.0,-42.525505,0.23777939303701148
289,200,-200.0,-42.5671,0.236596410982101
290,200,-200.0,-43.055332,0.23541931441005076
291,200,-200.0,-43.058666,0.23424807403985154
292,200,-200.0,-43.054314,0.2330826607361707
293,200,-200.0,-43.051888,0.23192304550862758
294,200,-200.0,-43.03754,0.23076919951107225
295,200,-200.0,-43.60447,0.22962109404086795
296,200,-200.0,-43.591175,0.2284787005381771
297,200,-200.0,-43.61972,0.22734199058525087
298,200,-200.0,-43.569817,0.22621093590572228
299,200,-200.0,-43.582405,0.2250855083639028
300,200,-200.0,-44.096672,0.2239656799640824
301,200,-200.0,-44.08153,0.22285142284983325
302,200,-200.0,-44.076874,0.2217427093033167
303,200,-200.0,-44.090736,0.22063951174459373
304,200,-200.0,-44.0726,0.21954180273093907
305,200,-200.0,-44.57657,0.2184495549561583
306,200,-200.0,-44.617027,0.2173627412499088
307,200,-200.0,-44.612465,0.2162813345770237
308,200,-200.0,-44.61291,0.21520530803683952
309,200,-200.0,-44.623924,0.2141346348625269
310,200,-200.0,-45.09314,0.2130692884204248
311,200,-200.0,-45.079254,0.21200924220937795
312,200,-200.0,-45.11834,0.21095446986007757
313,200,-200.0,-45.088966,0.20990494513440555
314,200,-200.0,-45.08446,0.20886064192478165
315,200,-200.0,-45.608917,0.2078215342535141
316,200,-200.0,-45.619507,0.20678759627215335
317,200,-200.0,-45.60539,0.2057588022608491
318,200,-200.0,-45.56785,0.20473512662771057
319,200,-200.0,-45.55987,0.20371654390816973
320,200,-200.0,-46.0544,0.202703028764348
321,200,-200.0,-46.09253,0.2016945559844259
322,200,-200.0,-46.07833,0.20069110048201586
323,200,-200.0,-46.102108,0.19969263729553818
324,200,-200.0,-46.083977,0.19869914158760021
325,200,-200.0,-46.558002,0.19771058864437835
326,200,-200.0,-46.59857,0.19672695387500336
327,200,-200.0,-46.596104,0.19574821281094865
328,200,-200.0,-46.58547,0.19477434110542155
329,200,-200.0,-46.57609,0.1938053145327578
330,200,-200.0,-47.040607,0.19284110898781873
331,200,-200.0,-47.071964,0.1918817004853918
332,200,-200.0,-47.053944,0.19092706515959385
333,200,-200.0,-47.070545,0.18997717926327748
334,200,-200.0,-47.070473,0.1890320191674403
335,200,-200.0,-47.475685,0.18809156136063715
336,200,-200.0,-47.49404,0.1871557824483952
337,200,-200.0,-47.432755,0.18622465915263206
338,200,-200.0,-47.500435,0.1852981683110767
339,200,-200.0,-47.447227,0.18437628687669325
340,200,-200.0,-47.931713,0.18345899191710774
341,200,-200.0,-47.94167,0.18254626061403756
342,200,-200.0,-47.940567,0.18163807026272397
343,200,-200.0,-47.9401,0.18073439827136714
344,200,-200.0,-47.96312,0.17983522216056433
345,200,-200.0,-48.412113,0.1789405195627506
346,200,-200.0,-48.423393,0.17805026822164238
347,200,-200.0,-48.40996,0.177164445991684
348,200,-200.0,-48.392895,0.17628303083749652
349,200,-200.0,-48.44029,0.17540600083332988
350,200,-200.0,-48.884346,0.17453333416251732
351,200,-200.0,-48.884407,0.17366500911693267
352,200,-200.0,-48.917614,0.17280100409645044
353,200,-200.0,-48.895683,0.17194129760840843
354,200,-200.0,-48.87312,0.1710858682670731
355,200,-200.0,-49.379517,0.17023469479310757
356,200,-200.0,-49.32244,0.16938775601304237
357,200,-200.0,-49.348392,0.16854503085874864
358,200,-200.0,-49.33299,0.1677064983669141
359,200,-200.0,-49.343254,0.1668721376785215
360,200,-200.0,-49.792206,0.16604192803832987
361,200,-200.0,-49.790543,0.1652158487943581
362,200,-200.0,-49.80339,0.16439387939737127
363,200,-200.0,-49.79862,0.16357599940036943
364,200,-200.0,-49.768963,0.16276218845807905
365,200,-200.0,-50.259876,0.16195242632644682
366,200,-200.0,-50.254894,0.16114669286213615
367,200,-200.0,-50.253872,0.16034496802202602
368,200,-200.0,-50.245632,0.15954723186271247
369,200,-200.0,-50.205112,0.15875346454001243
370,200,-200.0,-50.722435,0.1579636463084701
371,200,-200.0,-50.649597,0.1571777575208658
372,200,-200.0,-50.65987,0.1563957786277272
373,200,-200.0,-50.679565,0.155617690176843
374,200,-200.0,-50.67708,0.1548434728127791
375,200,-200.0,-51.17267,0.15407310727639714
376,200,-200.0,-51.162453,0.15330657440437528
377,200,-200.0,-51.16958,0.15254385512873164
378,200,-200.0,-51.132973,0.15178493047634992
379,200,-200.0,-51.15118,0.15102978156850738
380,200,-200.0,-51.626686,0.15027838962040538
381,200,-200.0,-51.602577,0.14953073594070188
382,200,-200.0,-51.618256,0.14878680193104665
383,200,-200.0,-51.58611,0.14804656908561858
384,200,-200.0,-51.619457,0.1473100189906653
385,200,-200.0,-52.05883,0.14657713332404507
386,200,-200.0,-52.028053,0.14584789385477123
387,200,-200.0,-52.061176,0.14512228244255845
388,200,-200.0,-52.088196,0.1444002810373716
389,200,-200.0,-52.06787,0.14368187167897672
390,200,-200.0,-52.518383,0.14296703649649428
391,200,-200.0,-52.53417,0.1422557577079545
392,200,-200.0,-52.516945,0.14154801761985525
393,200,-200.0,-52.544952,0.14084379862672167
394,200,-200.0,-52.487396,0.14014308321066835
395,200,-200.0,-52.91282,0.13944585394096354
396,200,-200.0,-52.926308,0.13875209347359557
397,200,-200.0,-52.935814,0.1380617845508414
398,200,-200.0,-52.940514,0.1373749100008372
399,200,-200.0,-52.93974,0.13669145273715147
400,200,-200.0,-53.354454,0.1360113957583597
401,200,-200.0,-53.351574,0.1353347221476216
402,200,-200.0,-53.371143,0.13466141507226032
403,200,-200.0,-53.359936,0.13399145778334362
404,200,-200.0,-53.340088,0.13332483361526729
405,200,-200.0,-53.872704,0.1326615259853406
406,200,-200.0,-53.811043,0.13200151839337373
407,200,-200.0,-53.825085,0.13134479442126742
408,200,-200.0,-53.805065,0.1306913377326044
409,200,-200.0,-53.813904,0.13004113207224322
410,200,-200.0,-54.24898,0.12939416126591366
411,200,-200.0,-54.272564,0.1287504092198146
412,200,-200.0,-54.269478,0.12810985992021354
413,200,-200.0,-54.253063,0.1274724974330483
414,200,-200.0,-54.238914,0.12683830590353068
415,200,-200.0,-54.703148,0.12620726955575193
416,200,-200.0,-54.69152,0.1255793726922905
417,200,-200.0,-54.70766,0.1249545996938214
418,200,-200.0,-54.728638,0.12433293501872777
419,200,-200.0,-54.724632,0.12371436320271421
420,200,-200.0,-55.160755,0.12309886885842211
421,200,-200.0,-55.16523,0.12248643667504688
422,200,-200.0,-55.17102,0.12187705141795711
423,200,-200.0,-55.167156,0.12127069792831555
424,200,-200.0,-55.16985,0.12066736112270204
425,200,-200.0,-55.585003,0.12006702599273837
426,200,-200.0,-55.594715,0.11946967760471482
427,200,-200.0,-55.602863,0.11887530109921873
428,200,-200.0,-55.603954,0.11828388169076492
429,200,-200.0,-55.5594,0.1176954046674278
430,200,-200.0,-56.02584,0.11710985539047543
431,200,-200.0,-56.091652,0.11652721929400542
432,200,-200.0,-56.044994,0.11594748188458252
433,200,-200.0,-56.007275,0.11537062874087814
434,200,-200.0,-56.052143,0.11479664551331159
435,200,-200.0,-56.514515,0.11422551792369313
436,200,-200.0,-56.496357,0.1136572317648688
437,200,-200.0,-56.490784,0.11309177290036698
438,197,-197.0,-56.494457,0.11252912726404676
439,200,-200.0,-56.498146,0.11196928085974804
440,200,-200.0,-56.878044,0.11141221976094334
441,174,-174.0,-56.903393,0.1108579301103914
442,200,-200.0,-56.867798,0.11030639811979245
443,200,-200.0,-56.888805,0.10975761006944523
444,200,-200.0,-56.879944,0.10921155230790572
445,200,-200.0,-57.28786,0.1086682112516475
446,200,-200.0,-57.32897,0.10812757338472388
447,200,-200.0,-57.338787,0.10758962525843173
448,200,-200.0,-57.30009,0.10705435349097686
449,200,-200.0,-57.325787,0.10652174476714117
450,200,-200.0,-57.75749,0.10599178583795142
451,200,-200.0,-57.78827,0.10546446352034969
452,200,-200.0,-57.770985,0.10493976469686538
453,195,-195.0,-57.778015,0.10441767631528895
454,200,-200.0,-57.77409,0.10389818538834722
455,200,-200.0,-58.177063,0.10338127899338033
456,200,-200.0,-58.12339,0.10286694427202024
457,200,-200.0,-58.164448,0.1023551684298709
458,200,-200.0,-58.167034,0.10184593873618997
459,200,-200.0,-58.151165,0.10133924252357211
460,200,-200.0,-58.586872,0.10083506718763395
461,200,-200.0,-58.593914,0.10033340018670046
462,166,-166.0,-58.579803,0.09983422904149301
463,200,-200.0,-58.572853,0.09933754133481892
464,200,-200.0,-58.5767,0.09884332471126261
465,200,-200.0,-59.035206,0.09835156687687824
466,200,-200.0,-59.016163,0.09786225559888383
467,200,-200.0,-58.967186,0.09737537870535705
468,200,-200.0,-59.016502,0.0968909240849324
469,200,-200.0,-58.97451,0.09640887968649992
470,200,-200.0,-59.39852,0.0959292335189054
471,200,-200.0,-59.357788,0.09545197365065214
472,200,-200.0,-59.36839,0.09497708820960413
473,200,-200.0,-59.377575,0.09450456538269068
474,200,-200.0,-59.37202,0.09403439341561264
475,200,-200.0,-59.73301,0.09356656061254989
476,200,-200.0,-59.755104,0.09310105533587056
477,200,-200.0,-59.773853,0.09263786600584135
478,200,-200.0,-59.757423,0.09217698110033967
479,200,-200.0,-59.74639,0.09171838915456684
480,200,-200.0,-60.205055,0.09126207876076303
481,200,-200.0,-60.145836,0.09080803856792342
482,200,-200.0,-60.152916,0.09035625728151585
483,200,-200.0,-60.14144,0.08990672366319986
484,200,-200.0,-60.184338,0.08945942653054714
485,200,-200.0,-60.59124,0.08901435475676334
486,200,-200.0,-60.54176,0.08857149727041129
487,200,-200.0,-60.542336,0.08813084305513562
488,200,-200.0,-60.54354,0.08769238114938868
489,200,-200.0,-60.559814,0.08725610064615791
490,200,-200.0,-60.96456,0.08682199069269445
491,200,-200.0,-60.982674,0.08639004049024324
492,200,-200.0,-60.9813,0.08596023929377437
493,200,-200.0,-60.96476,0.0855325764117158
494,200,-200.0,-60.94339,0.08510704120568738
495,200,-200.0,-61.345886,0.0846836230902362
496,200,-200.0,-61.26662,0.08426231153257335
497,200,-200.0,-61.284718,0.0838430960523118
498,200,-200.0,-61.26333,0.08342596622120578
499,200,-200.0,-61.286255,0.08301091166289133
500,200,-200.0,-61.713615,0.0825979220526282
501,200,-200.0,-61.698475,0.08218698711704299
502,200,-200.0,-61.666405,0.08177809663387363
503,200,-200.0,-61.663563,0.08137124043171506
504,200,-200.0,-61.684227,0.08096640838976624
505,200,-200.0,-62.101616,0.08056359043757835
506,200,-200.0,-62.042957,0.08016277655480435
507,200,-200.0,-62.05597,0.0797639567709496
508,200,-200.0,-62.05542,0.079367121165124
509,200,-200.0,-62.073353,0.07897225986579504
510,200,-200.0,-62.442883,0.07857936305054233
511,200,-200.0,-62.466667,0.07818842094581327
512,200,-200.0,-62.415234,0.07779942382667988
513,200,-200.0,-62.429443,0.0774123620165969
514,200,-200.0,-62.39043,0.0770272258871611
515,200,-200.0,-62.771393,0.07664400585787175
516,200,-200.0,-62.780376,0.0762626923958923
517,200,-200.0,-62.778465,0.07588327601581324
518,200,-200.0,-62.755333,0.07550574727941617
519,200,-200.0,-62.815956,0.07513009679543899
520,200,-200.0,-63.206463,0.07475631521934228
521,200,-200.0,-63.128723,0.07438439325307691
522,200,-200.0,-63.160423,0.07401432164485265
523,200,-200.0,-63.132477,0.07364609118890812
524,200,-200.0,-63.136986,0.07327969272528172
525,200,-200.0,-63.58379,0.0729151171395838
526,200,-200.0,-63.55526,0.07255235536276997
527,200,-200.0,-63.531353,0.0721913983709154
528,200,-200.0,-63.549946,0.07183223718499046
529,200,-200.0,-63.514336,0.07147486287063728
530,200,-200.0,-63.906616,0.07111926653794755
531,200,-200.0,-63.946705,0.07076543934124135
532,200,-200.0,-63.889503,0.07041337247884713
533,200,-200.0,-63.906303,0.07006305719288272
534,200,-200.0,-63.97467,0.06971448476903754
535,200,-200.0,-64.26338,0.06936764653635577
536,200,-200.0,-64.17668,0.06902253386702067
537,200,-200.0,-64.27473,0.06867913817613998
538,200,-200.0,-64.23108,0.06833745092153233
539,200,-200.0,-64.29338,0.06799746360351476
540,200,-200.0,-64.581436,0.06765916776469132
541,200,-200.0,-64.59664,0.06732255498974261
542,200,-200.0,-64.56541,0.06698761690521654
543,200,-200.0,-64.55882,0.06665434517931995
544,200,-200.0,-64.53972,0.0663227315217114
545,200,-200.0,-64.85793,0.06599276768329494
546,200,-200.0,-64.878845,0.06566444545601488
547,200,-200.0,-64.852684,0.06533775667265163
548,200,-200.0,-64.82738,0.06501269320661854
549,200,-200.0,-64.85661,0.06468924697175975
550,200,-200.0,-65.1688,0.06436740992214901
551,200,-200.0,-65.202835,0.06404717405188957
552,200,-200.0,-65.189476,0.06372853139491501
553,200,-200.0,-65.19641,0.06341147402479105
554,200,-200.0,-65.18176,0.06309599405451846
555,200,-200.0,-65.49562,0.06278208363633679
556,200,-200.0,-65.59853,0.062469734961529154
557,200,-200.0,-65.52011,0.06215894026022802
558,200,-200.0,-65.55009,0.06184969180122192
559,200,-200.0,-65.56395,0.06154198189176311
560,200,-200.0,-65.82243,0.06123580287737623
561,200,-200.0,-65.83824,0.0609311471416679
562,200,-200.0,-65.87669,0.060628007106137215
563,200,-200.0,-65.88966,0.06032637522998729
564,200,-200.0,-65.907394,0.060026244009937606
565,200,-200.0,-66.18596,0.05972760598003742
566,200,-200.0,-66.170845,0.05943045371148003
567,200,-200.0,-66.1696,0.059134779812417944
568,200,-200.0,-66.17578,0.058840576927779054
569,200,-200.0,-66.17785,0.05854783773908364
570,200,-200.0,-66.45439,0.05825655496426233
571,200,-200.0,-66.509705,0.057966721357474965
572,200,-200.0,-66.52438,0.05767832970893032
573,200,-200.0,-66.48187,0.05739137284470679
574,200,-200.0,-66.53544,0.05710584362657392
575,200,-200.0,-66.78171,0.056821734951814855
576,200,-200.0,-66.79143,0.056539039753049615
577,200,-200.0,-66.815765,0.056257750998059325
578,200,-200.0,-66.82951,0.055977861689611275
579,200,-200.0,-66.82497,0.05569936486528486
580,200,-200.0,-67.06459,0.055422253597298375
581,200,-200.0,-67.15539,0.055146520992336696
582,200,-200.0,-67.16261,0.054872160191379804
583,200,-200.0,-67.08798,0.05459916436953215
584,200,-200.0,-67.08717,0.05432752673585289
585,200,-200.0,-67.361694,0.05405724053318696
586,200,-200.0,-67.38807,0.05378829903799698
587,200,-200.0,-67.39805,0.053520695560196
588,200,-200.0,-67.35807,0.0532544234429811
589,200,-200.0,-67.37541,0.05298947606266777
590,200,-200.0,-67.698685,0.052725846828525144
591,200,-200.0,-67.740685,0.05246352918261209
592,200,-200.0,-67.68636,0.05220251659961402
593,200,-200.0,-67.69394,0.051942802586680624
594,200,-200.0,-67.68706,0.05168438068326431
595,200,-200.0,-68.03162,0.05142724446095952
596,200,-200.0,-68.030235,0.05117138752334281
597,200,-200.0,-68.02604,0.05091680350581375
598,200,-200.0,-68.01035,0.050663486075436574
599,200,-200.0,-68.02315,0.05041142893078267
600,200,-200.0,-68.22276,0.0501606258017738
601,200,-200.0,-68.290054,0.049911070449526175
602,200,-200.0,-68.30373,0.049662756666195206
603,200,-200.0,-68.300186,0.04941567827482111
604,200,-200.0,-68.306496,0.04916982912917524
605,200,-200.0,-68.63121,0.04892520311360721
606,200,-200.0,-68.56981,0.04868179414289275
607,200,-200.0,-68.67069,0.04843959616208234
608,200,-200.0,-68.63701,0.04819860314635059
609,200,-200.0,-68.64964,0.047958809100846364
610,200,-200.0,-68.90819,0.047720208060543653
611,200,-200.0,-68.90515,0.04748279409009319
612,200,-200.0,-68.93283,0.04724656128367482
613,200,-200.0,-68.9572,0.04701150376485057
614,200,-200.0,-68.93883,0.04677761568641848
615,200,-200.0,-69.19727,0.04654489123026715
616,200,-200.0,-69.17815,0.046313324607231
617,200,-200.0,-69.20821,0.04608291005694627
618,200,-200.0,-69.20903,0.04585364184770774
619,200,-200.0,-69.18129,0.045625514276326114
620,173,-173.0,-69.47866,0.045398521667986184
621,200,-200.0,-69.57683,0.04517265837610566
622,200,-200.0,-69.52281,0.04494791878219469
623,200,-200.0,-69.5441,0.044724297295716114
624,200,-200.0,-69.49764,0.04450178835394639
625,200,-200.0,-69.76977,0.0442803864218372
626,200,-200.0,-69.75856,0.044060085991877815
627,200,-200.0,-69.76974,0.043840881583958026
628,200,-200.0,-69.80112,0.04362276774523187
629,160,-160.0,-69.80093,0.04340573904998196
630,200,-200.0,-70.058655,0.043189790099484544
631,200,-200.0,-70.061646,0.04297491552187517
632,200,-200.0,-70.09625,0.0427611099720151
633,200,-200.0,-70.10353,0.04254836813135831
634,200,-200.0,-70.10471,0.04233668470781922
635,200,-200.0,-70.117355,0.04212605443564102
636,191,-191.0,-70.30939,0.0419164720752647
637,200,-200.0,-70.31418,0.041707932413198714
638,200,-200.0,-70.33383,0.04150043026188927
639,200,-200.0,-70.30089,0.04129396045959132
640,159,-159.0,-70.3381,0.04108851787024013
641,200,-200.0,-70.60638,0.04088409738332351
642,200,-200.0,-70.672226,0.04068069391375474
643,200,-200.0,-70.60511,0.04047830240174602
644,148,-148.0,-70.58915,0.04027691781268261
645,200,-200.0,-70.617516,0.040076535136997625
646,162,-162.0,-70.89377,0.03987714939004739
647,200,-200.0,-70.93257,0.03967875561198746
648,200,-200.0,-70.8642,0.039481348867649216
649,200,-200.0,-70.887596,0.039284924246417136
650,200,-200.0,-70.87942,0.039089476862106606
651,200,-200.0,-71.10102,0.0388950018528424
652,200,-200.0,-71.2068,0.038701494380937715
653,200,-200.0,-71.171936,0.03850894963277385
654,200,-200.0,-71.18596,0.03831736281868045
655,200,-200.0,-71.17697,0.03812672917281637
656,200,-200.0,-71.34364,0.03793704395305112
657,155,-155.0,-71.433945,0.03774830244084689
658,156,-156.0,-71.4137,0.03756049994114119
659,200,-200.0,-71.45051,0.03737363178223004
660,186,-186.0,-71.43614,0.03718769331565179
661,200,-200.0,-71.39864,0.03700267991607144
662,170,-170.0,-71.68904,0.036818586981165614
663,186,-186.0,-71.73454,0.03663540993150808
664,200,-200.0,-71.76289,0.036453144210455805
665,200,-200.0,-71.67375,0.03627178528403563
666,180,-180.0,-71.76453,0.03609132864083148
667,200,-200.0,-71.98695,0.03591176979187212
668,200,-200.0,-71.93806,0.035733104270519525
669,200,-200.0,-71.931564,0.03555532763235774
670,200,-200.0,-72.00411,0.03537843545508233
671,145,-145.0,-71.973076,0.03520242333839038
672,181,-181.0,-72.12117,0.03502728690387103
673,157,-157.0,-72.23153,0.03485302179489655
674,181,-181.0,-72.184784,0.03467962367651398
675,168,-168.0,-72.19365,0.0345070882353373
676,162,-162.0,-72.17798,0.034335411179440105
677,200,-200.0,-72.22166,0.03416458823824886
678,200,-200.0,-72.40342,0.03399461516243668
679,200,-200.0,-72.413284,0.0338254877238176
680,200,-200.0,-72.45963,0.03365720171524139
681,200,-200.0,-72.44708,0.03348975295048895
682,200,-200.0,-72.361435,0.033323137264168114
683,155,-155.0,-72.67815,0.03315735051161007
684,200,-200.0,-72.697975,0.03299238856876624
685,165,-165.0,-72.69057,0.032828247332105716
686,157,-157.0,-72.7292,0.03266492271851315
687,198,-198.0,-72.69812,0.03250241066518722
688,200,-200.0,-72.72487,0.03234070712953953
689,200,-200.0,-72.9407,0.03217980808909406
690,163,-163.0,-72.99941,0.03201970954138713
691,195,-195.0,-72.929016,0.031860407503867795
692,200,-200.0,-72.89108,0.0317018980137988
693,173,-173.0,-72.93602,0.03154417712815801
694,151,-151.0,-73.118416,0.03138724092354031
695,144,-144.0,-73.2108,0.031231085496060015
696,161,-161.0,-73.23956,0.03107570696125375
697,173,-173.0,-73.22606,0.030921101453983833
698,90,-90.0,-73.30342,0.030767265128342124
699,161,-161.0,-73.1631,0.030614194157554356
